{
  "version": "2.3.1-beta.0",
  "visualisation": {
    "nodes": [
      {
        "id": "n:1",
        "position": {
          "x": -43.33333333333333,
          "y": -4.583333333333333
        }
      }
    ]
  },
  "dataModel": {
    "version": "2.3.1-beta.0",
    "graphSchemaRepresentation": {
      "version": "1.0.0",
      "graphSchema": {
        "nodeLabels": [
          {
            "$id": "nl:1",
            "token": "AssetDay",
            "properties": [
              {
                "$id": "p:1",
                "token": "asset_id",
                "type": {
                  "type": "string"
                },
                "nullable": true
              },
              {
                "$id": "p:2",
                "token": "category",
                "type": {
                  "type": "string"
                },
                "nullable": true
              },
              {
                "$id": "p:3",
                "token": "date",
                "type": {
                  "type": "datetime"
                },
                "nullable": true
              },
              {
                "$id": "p:4",
                "token": "open",
                "type": {
                  "type": "float"
                },
                "nullable": true
              },
              {
                "$id": "p:5",
                "token": "high",
                "type": {
                  "type": "float"
                },
                "nullable": true
              },
              {
                "$id": "p:6",
                "token": "low",
                "type": {
                  "type": "float"
                },
                "nullable": true
              },
              {
                "$id": "p:7",
                "token": "close",
                "type": {
                  "type": "float"
                },
                "nullable": true
              },
              {
                "$id": "p:8",
                "token": "volume",
                "type": {
                  "type": "integer"
                },
                "nullable": true
              },
              {
                "$id": "p:9",
                "token": "adj_close",
                "type": {
                  "type": "float"
                },
                "nullable": true
              },
              {
                "$id": "p:10",
                "token": "asset_day_id",
                "type": {
                  "type": "string"
                },
                "nullable": true
              },
              {
                "$id": "p:11",
                "token": "ticker",
                "type": {
                  "type": "string"
                },
                "nullable": true
              },
              {
                "$id": "p:12",
                "token": "name",
                "type": {
                  "type": "string"
                },
                "nullable": true
              }
            ]
          }
        ],
        "relationshipTypes": [],
        "nodeObjectTypes": [
          {
            "$id": "n:1",
            "labels": [
              {
                "$ref": "#nl:1"
              }
            ]
          }
        ],
        "relationshipObjectTypes": [],
        "constraints": [
          {
            "$id": "c:1",
            "name": "asset_day_id_AssetDay_uniq",
            "constraintType": "uniqueness",
            "entityType": "node",
            "nodeLabel": {
              "$ref": "#nl:1"
            },
            "properties": [
              {
                "$ref": "#p:10"
              }
            ]
          }
        ],
        "indexes": [
          {
            "$id": "i:1",
            "name": "asset_day_id_AssetDay_uniq",
            "indexType": "default",
            "entityType": "node",
            "nodeLabel": {
              "$ref": "#nl:1"
            },
            "properties": [
              {
                "$ref": "#p:10"
              }
            ]
          }
        ]
      }
    },
    "graphSchemaExtensionsRepresentation": {
      "nodeKeyProperties": [
        {
          "node": {
            "$ref": "#n:1"
          },
          "keyProperty": {
            "$ref": "#p:10"
          }
        }
      ]
    },
    "graphMappingRepresentation": {
      "dataSourceSchema": {
        "type": "local",
        "tableSchemas": [
          {
            "name": "real_asset_prices.csv",
            "expanded": true,
            "fields": [
              {
                "name": "asset_id",
                "sample": "1",
                "recommendedType": {
                  "type": "boolean"
                }
              },
              {
                "name": "category",
                "sample": "Tech",
                "recommendedType": {
                  "type": "string"
                }
              },
              {
                "name": "ticker",
                "sample": "AAPL",
                "recommendedType": {
                  "type": "string"
                }
              },
              {
                "name": "name",
                "sample": "Apple Inc.",
                "recommendedType": {
                  "type": "string"
                }
              },
              {
                "name": "date",
                "sample": "2023-07-10",
                "recommendedType": {
                  "type": "datetime"
                }
              },
              {
                "name": "open",
                "sample": "189.26",
                "recommendedType": {
                  "type": "float"
                }
              },
              {
                "name": "high",
                "sample": "189.99",
                "recommendedType": {
                  "type": "float"
                }
              },
              {
                "name": "low",
                "sample": "187.04",
                "recommendedType": {
                  "type": "float"
                }
              },
              {
                "name": "close",
                "sample": "188.61",
                "recommendedType": {
                  "type": "float"
                }
              },
              {
                "name": "volume",
                "sample": "59922200",
                "recommendedType": {
                  "type": "integer"
                }
              },
              {
                "name": "adj_close",
                "sample": "186.74",
                "recommendedType": {
                  "type": "float"
                }
              },
              {
                "name": "asset_day_id",
                "sample": "1_2023-07-10",
                "recommendedType": {
                  "type": "string"
                }
              }
            ]
          }
        ]
      },
      "nodeMappings": [
        {
          "node": {
            "$ref": "#n:1"
          },
          "tableName": "real_asset_prices.csv",
          "propertyMappings": [
            {
              "fieldName": "asset_id",
              "property": {
                "$ref": "#p:1"
              }
            },
            {
              "fieldName": "category",
              "property": {
                "$ref": "#p:2"
              }
            },
            {
              "fieldName": "ticker",
              "property": {
                "$ref": "#p:11"
              }
            },
            {
              "fieldName": "name",
              "property": {
                "$ref": "#p:12"
              }
            },
            {
              "fieldName": "date",
              "property": {
                "$ref": "#p:3"
              }
            },
            {
              "fieldName": "open",
              "property": {
                "$ref": "#p:4"
              }
            },
            {
              "fieldName": "high",
              "property": {
                "$ref": "#p:5"
              }
            },
            {
              "fieldName": "low",
              "property": {
                "$ref": "#p:6"
              }
            },
            {
              "fieldName": "close",
              "property": {
                "$ref": "#p:7"
              }
            },
            {
              "fieldName": "volume",
              "property": {
                "$ref": "#p:8"
              }
            },
            {
              "fieldName": "adj_close",
              "property": {
                "$ref": "#p:9"
              }
            },
            {
              "fieldName": "asset_day_id",
              "property": {
                "$ref": "#p:10"
              }
            }
          ]
        }
      ],
      "relationshipMappings": []
    },
    "configurations": {
      "idsToIgnore": []
    }
  }
}